,precision,recall,f1-score,support
0,0.9504530011325029,0.9591428571428572,0.9547781569965871,7000.0
1,0.8522727272727273,0.825,0.8384146341463414,2000.0
accuracy,0.9293333333333333,0.9293333333333333,0.9293333333333333,0.9293333333333333
macro avg,0.901362864202615,0.8920714285714286,0.8965963955714642,9000.0
weighted avg,0.9286351624969971,0.9293333333333333,0.9289195963631992,9000.0
